id,player_name
1,Jae Crowder
2,Mikal Bridges
3,Devin Booker
4,Chris Paul
5,Deandre Ayton
6,Cameron Payne
7,Dario Šarić
8,Cameron Johnson
9,Jevon Carter
10,Langston Galloway
11,Frank Kaminsky
12,Damian Jones
13,Ty-Shon Alexander
14,E'Twaun Moore
15,Donovan Mitchell
16,Mike Conley
17,Royce O'Neale
18,Rudy Gobert
19,Bojan Bogdanović
20,Joe Ingles
21,Jordan Clarkson
22,Derrick Favors
23,Georges Niang
24,Juwan Morgan
25,Miye Oni
26,Elijah Hughes
27,Udoka Azubuike
28,Shaquille Harrison
29,Joel Embiid
30,Tobias Harris
31,Seth Curry
32,Ben Simmons
33,Danny Green
34,Shake Milton
35,Tyrese Maxey
36,Matisse Thybulle
37,Mike Scott
38,Dwight Howard
39,Vincent Poirier
40,Isaiah Joe
41,Dakota Mathias
42,Terrance Ferguson
43,Tony Bradley
44,Dwayne Bacon
45,Markelle Fultz
46,Nikola Vučević
47,Aaron Gordon
48,Evan Fournier
49,Cole Anthony
50,Michael Carter-Williams
51,Khem Birch
52,Karim Mané
53,Chuma Okeke
54,Gary Clark
55,Jordan Bone
56,Mohamed Bamba
57,Lonzo Ball
58,Steven Adams
59,Brandon Ingram
60,Eric Bledsoe
61,Zion Williamson
62,Josh Hart
63,Nickeil Alexander-Walker
64,J.J. Redick
65,Nicolò Melli
66,Jaxson Hayes
67,Kira Lewis
68,Sindarius Thornwell
69,Willy Hernangómez
70,Naji Marshall
71,Shai Gilgeous-Alexander
72,Darius Bazley
73,Al Horford
74,George Hill
75,Luguentz Dort
76,Théo Maledon
77,Aleksej Pokusevski
78,Isaiah Roby
79,Hamidou Diallo
80,Mike Muscala
81,Josh Hall
82,Kenrich Williams
83,Moses Brown
84,Darius Miller
85,Justin Jackson
86,Buddy Hield
87,Harrison Barnes
88,Richaun Holmes
89,De'Aaron Fox
90,Marvin Bagley
91,Tyrese Haliburton
92,Cory Joseph
93,Nemanja Bjelica
94,Hassan Whiteside
95,Glenn Robinson
96,Justin James
97,Jahmi'us Ramsey
98,Jabari Parker
99,Kyle Guy
100,Robert Woodard
101,James Harden
102,John Wall
103,P.J. Tucker
104,Christian Wood
105,Danuel House
106,Eric Gordon
107,Jae'Sean Tate
108,DeMarcus Cousins
109,Sterling Brown
110,David Nwaba
111,Bruno Caboclo
112,Brodric Thomas
113,Coby White
114,Zach LaVine
115,Otto Porter
116,Wendell Carter
117,Patrick Williams
118,Garrett Temple
119,Thaddeus Young
120,Daniel Gafford
121,Denzel Valentine
122,Luke Kornet
123,Cristiano Felício
124,Adam Mokoka
125,Devon Dotson
126,Russell Westbrook
127,Bradley Beal
128,Thomas Bryant
129,Rui Hachimura
130,Deni Avdija
131,Raul Neto
132,Dāvis Bertāns
133,Troy Brown
134,Ish Smith
135,Moritz Wagner
136,Robin Lopez
137,Jerome Robinson
138,Garrison Mathews
139,Anthony Gill
140,Darius Garland
141,Collin Sexton
142,Larry Nance
143,Dante Exum
144,Andre Drummond
145,Cedi Osman
146,Damyean Dotson
147,JaVale McGee
148,Thon Maker
149,Dean Wade
150,Marques Bolden
151,Lamar Stevens
152,Domantas Sabonis
153,Malcolm Brogdon
154,Victor Oladipo
155,Myles Turner
156,Aaron Holiday
157,Doug McDermott
158,Justin Holiday
159,Kelan Martin
160,T.J. McConnell
161,Edmond Sumner
162,Cassius Stanley
163,Jalen Lecque
164,JaKarr Sampson
165,Reggie Bullock
166,Julius Randle
167,RJ Barrett
168,Mitchell Robinson
169,Elfrid Payton
170,Kevin Knox
171,Austin Rivers
172,Nerlens Noel
173,Jared Harper
174,Theo Pinson
175,Ignas Brazdeikis
176,Alec Burks
177,Kyle Lowry
178,Fred VanVleet
179,OG Anunoby
180,Norman Powell
181,Aron Baynes
182,Chris Boucher
183,Terence Davis
184,Stanley Johnson
185,Alex Len
186,Yuta Watanabe
187,Paul Watson
188,Malachi Flynn
189,DeAndre' Bembry
190,Matt Thomas
191,Pascal Siakam
192,LeBron James
193,Dennis Schröder
194,Anthony Davis
195,Kentavious Caldwell-Pope
196,Marc Gasol
197,Kyle Kuzma
198,Montrezl Harrell
199,Wesley Matthews
200,Markieff Morris
201,Quinn Cook
202,Jared Dudley
203,Alfonzo McKinnie
204,Alex Caruso
205,Talen Horton-Tucker
206,DeMar DeRozan
207,Dejounte Murray
208,Lonnie Walker
209,Keldon Johnson
210,Jakob Poeltl
211,Rudy Gay
212,Drew Eubanks
213,Patty Mills
214,Devin Vassell
215,Tre Jones
216,Keita Bates-Diop
217,Luka Šamanić
218,Trey Lyles
219,Derrick Jones
220,Damian Lillard
221,CJ McCollum
222,Robert Covington
223,Jusuf Nurkić
224,Enes Kanter
225,Carmelo Anthony
226,Rodney Hood
227,Anfernee Simons
228,Harry Giles
229,CJ Elleby
230,Keljin Blevins
231,Kawhi Leonard
232,Paul George
233,Nicolas Batum
234,Serge Ibaka
235,Patrick Beverley
236,Reggie Jackson
237,Lou Williams
238,Luke Kennard
239,Ivica Zubac
240,Patrick Patterson
241,Terance Mann
242,Mfiondu Kabengele
243,Amir Coffey
244,Daniel Oturu
245,Gordon Hayward
246,Terry Rozier
247,Bismack Biyombo
248,Devonte' Graham
249,P.J. Washington
250,Miles Bridges
251,LaMelo Ball
252,Jalen McDaniels
253,Caleb Martin
254,Cody Martin
255,Vernon Carey
256,Nick Richards
257,Malik Monk
258,Tim Hardaway
259,Josh Richardson
260,Dwight Powell
261,Dorian Finney-Smith
262,Luka Dončić
263,Maxi Kleber
264,Jalen Brunson
265,Trey Burke
266,James Johnson
267,Josh Green
268,Willie Cauley-Stein
269,Wesley Iwundu
270,Boban Marjanović
271,Tyrell Terry
272,De'Andre Hunter
273,Cam Reddish
274,Trae Young
275,John Collins
276,Clint Capela
277,Bogdan Bogdanović
278,Kevin Huerter
279,Solomon Hill
280,Rajon Rondo
281,Bruno Fernando
282,Danilo Gallinari
283,Nathan Knight
284,Brandon Goodwin
285,Skylar Mays
286,Kevin Durant
287,Kyrie Irving
288,Joe Harris
289,Timothé Luwawu-Cabarrot
290,DeAndre Jordan
291,Jarrett Allen
292,Caris LeVert
293,Taurean Prince
294,Landry Shamet
295,Jeff Green
296,Reggie Perry
297,Tyler Johnson
298,Rodions Kurucs
299,Chris Chiozza
300,Bruce Brown
301,Kyle Anderson
302,Dillon Brooks
303,Jonas Valančiūnas
304,Tyus Jones
305,Grayson Allen
306,Desmond Bane
307,Brandon Clarke
308,Gorgui Dieng
309,John Konchar
310,Sean McDermott
311,Xavier Tillman
312,Jontay Porter
313,Jaylen Brown
314,Marcus Smart
315,Jayson Tatum
316,Jeff Teague
317,Daniel Theis
318,Robert Williams
319,Payton Pritchard
320,Grant Williams
321,Aaron Nesmith
322,Semi Ojeleye
323,Carsen Edwards
324,Tremont Waters
325,Tacko Fall
326,Giannis Antetokounmpo
327,Khris Middleton
328,Jrue Holiday
329,Donte DiVincenzo
330,Brook Lopez
331,Bobby Portis
332,Pat Connaughton
333,Bryn Forbes
334,D.J. Augustin
335,Thanasis Antetokounmpo
336,Sam Merrill
337,D.J. Wilson
338,Jordan Nwora
339,Tyler Herro
340,Bam Adebayo
341,Avery Bradley
342,Duncan Robinson
343,Andre Iguodala
344,Kelly Olynyk
345,Goran Dragić
346,Gabe Vincent
347,Precious Achiuwa
348,Kendrick Nunn
349,Maurice Harkless
350,Meyers Leonard
351,KZ Okpala
352,Udonis Haslem
353,Chris Silva
354,Jalen Smith
355,Lauri Markkanen
356,Tomáš Satoranský
357,Chandler Hutchison
358,Ryan Arcidiacono
359,Isaac Bonga
360,Anžejs Pasečņiks
361,Frank Ntilikina
362,Michael Porter
363,Nikola Jokić
364,Monte Morris
365,Gary Harris
366,Paul Millsap
367,Will Barton
368,PJ Dozier
369,Facundo Campazzo
370,Isaiah Hartenstein
371,Bol Bol
372,Markus Howard
373,Zeke Nnaji
374,R.J. Hampton
375,Vlatko Čančar
376,Jamal Murray
377,Andrew Wiggins
378,Stephen Curry
379,Kelly Oubre
380,Juan Toscano-Anderson
381,James Wiseman
382,Kevon Looney
383,Damion Lee
384,Brad Wanamaker
385,Eric Paschall
386,Mychal Mulder
387,Jordan Poole
388,Kent Bazemore
389,Jerami Grant
390,Josh Jackson
391,Mason Plumlee
392,Blake Griffin
393,Killian Hayes
394,Delon Wright
395,Derrick Rose
396,Isaiah Stewart
397,Saddiq Bey
398,Sviatoslav Mykhailiuk
399,Sekou Doumbouya
400,Rodney McGruder
401,Wayne Ellington
402,Deividas Sirvydis
403,Jahlil Okafor
404,Terrence Ross
405,D'Angelo Russell
406,Malik Beasley
407,Ricky Rubio
408,Jarrett Culver
409,Naz Reid
410,Anthony Edwards
411,Juan Hernangómez
412,Jordan McLaughlin
413,Jarred Vanderbilt
414,Jake Layman
415,Ed Davis
416,Jaden McDaniels
417,Max Strus
418,Tristan Thompson
419,Javonte Green
420,T.J. Warren
421,Saben Lee
422,Gary Trent
423,Ja Morant
424,Mason Jones
425,LaMarcus Aldridge
426,Spencer Dinwiddie
427,Josh Okogie
428,Kostas Antetokounmpo
429,Torrey Craig
430,Furkan Korkmaz
431,Kevin Love
432,Isaac Okoro
433,Chimezie Metu
434,Karl-Anthony Towns
435,Dennis Smith
436,Jimmy Butler
437,Marquese Chriss
438,Jaylen Adams
439,Mamadi Diakite
440,Cody Zeller
441,Dylan Windler
442,Obi Toppin
443,Immanuel Quickley
444,De'Anthony Melton
445,J.R. Smith
446,Kemba Walker
447,Troy Daniels
448,Romeo Langford
449,Marcus Morris
450,JaMychal Green
451,Joakim Noah
452,Ben McLemore
453,Chris Clemons
454,Michael Frazier
455,Luc Mbah a Moute
456,DeMarre Carroll
457,Malcolm Miller
458,Rondae Hollis-Jefferson
459,Tyson Chandler
460,Marvin Williams
461,Kyle Korver
462,Ersan İlyasova
463,Dion Waiters
464,Frank Mason
465,Andre Roberson
466,Abdel Nader
467,Emmanuel Mudiay
468,Jarrell Brantley
469,Rayjon Tucker
470,Michael Kidd-Gilchrist
471,Josh Reaves
472,Antonius Cleveland
473,J.J. Barea
474,James Ennis
475,Vic Law
476,Melvin Frazier
477,B.J. Johnson
478,Jaylen Hoard
479,Mario Hezonja
480,Zach Collins
481,Nassir Little
482,Wenyen Gabriel
483,Noah Vonleh
484,Goga Bitadze
485,Alize Johnson
486,T.J. Leaf
487,Jonathan Isaac
488,Džanan Musa
489,Jeremiah Martin
490,Justin Anderson
491,Lance Thomas
492,Donta Hall
493,Tyler Cook
494,Kristaps Porziņģis
495,Kyle O'Quinn
496,Norvel Pelle
497,Marial Shayok
498,Nigel Williams-Goss
499,Deonte Burton
500,Anthony Tolliver
501,Marko Guduric
502,Kyle Alexander
503,Brian Bowen
504,Naz Mitrou-Long
505,Devon Hall
506,Kevin Hervey
507,Dewan Hernandez
508,Oshae Brissett
509,Frank Jackson
510,Zylan Cheatham
511,Johnathan Williams
512,Jarrod Uthoff
513,Jerian Grant
514,Admiral Schofield
515,Ian Mahinmi
516,Marco Belinelli
517,Quinndary Weatherspoon
518,Derrick White
519,Justin Wright-Foreman
520,DaQuan Jeffries
521,Yogi Ferrell
522,Corey Brewer
523,Devontae Cacok
524,Elie Okobo
525,Cheick Diallo
526,Ty Jerome
527,Shabazz Napier
528,Tyler Zeller
529,Jamal Crawford
530,Jaren Jackson
531,Brandon Knight
532,Tony Snell
533,Jordan McRae
534,Khyri Thomas
535,Courtney Lee
536,Joe Chealey
537,Taj Gibson
538,Dewayne Dedmon
539,Vince Carter
540,Treveon Graham
541,Matthew Dellavedova
542,Matt Mooney
543,Sheldon Mac
544,Ante Žižić
545,Dragan Bender
546,Ky Bowman
547,Chasson Randle
548,Gary Payton
549,Trevor Ariza
550,Caleb Swanigan
551,Wilson Chandler
552,Nicolas Claxton
553,Jaylen Nowell
554,Evan Turner
555,Thabo Sefolosha
556,Patrick McCaw
557,John Henson
558,Allonzo Trier
559,Sir'Dominic Pointer
560,Draymond Green
561,Kevin Porter
562,Louis King
563,Derrick Walton
564,Jordan Bell
565,Jacob Evans
566,Dusty Hannahs
567,Alen Smailagić
568,Jeremy Lamb
569,Jonah Bolden
570,Johnathan Motley
571,Allen Crabbe
572,J.P. Macura
573,Malik Newman
574,Jeremy Pargo
575,Zach Norvell
576,Tariq Owens
577,William Howard
578,Ryan Broekhoff
579,Charlie Brown
580,Zhaire Smith
581,Kadeem Allen
582,Omari Spellman
583,Amile Jefferson
584,Tim Frazier
585,Isaiah Thomas
586,Eric Mika
587,Kris Dunn
588,Justise Winslow
589,Justin Patton
590,Josh Gray
591,Josh Magette
592,Shamorie Ponds
593,Levi Randolph
594,Justin Robinson
595,Chandler Parsons
596,Henry Ellenson
597,Skal Labissière
598,Daryl Macon
599,Iman Shumpert
600,Tyrone Wallace
601,Al-Farouq Aminu
602,C.J. Miles
603,Stanton Kidd
604,Ryan Anderson
605,Pau Gasol
606,Jodie Meeks
607,Jeremy Lin
608,Klay Thompson
609,Shaun Livingston
610,Andrew Bogut
611,Jonas Jerebko
612,Eric Moreland
613,Nikola Mirotić
614,Greg Monroe
615,Amir Johnson
616,Jonathon Simmons
617,Gerald Green
618,Nenê Hilário
619,Kenneth Faried
620,Guerschon Yabusele
621,Dante Cunningham
622,Donatas Motiejūnas
623,Quincy Pondexter
624,Ekpe Udoh
625,Raymond Felton
626,Jarell Martin
627,José Calderón
628,Zaza Pachulia
629,Jonathan Gibson
630,Darren Collison
631,Tyreke Evans
632,Jon Leuer
633,Devin Harris
634,Dirk Nowitzki
635,Salah Mejri
636,Troy Caupain
637,Tony Parker
638,Shelvin Mack
639,Cameron Reynolds
640,C.J. Williams
641,Jared Terrell
642,Mitch Creek
643,Jawun Evans
644,Bonzie Colson
645,Troy Williams
646,Tyler Cavanaugh
647,John Jenkins
648,Isaiah Hicks
649,Billy Garrett
650,Wayne Selden
651,Walt Lemon
652,Brandon Sampson
653,Rawle Alkins
654,Antonio Blakeney
655,Haywood Highsmith
656,Dwyane Wade
657,Yante Maten
658,Alan Williams
659,Marcus Derrickson
660,Ivan Rabb
661,Tyler Dorsey
662,Julian Washburn
663,Davon Reed
664,Taurean Waller-Prince
665,Deyonta Davis
666,Isaac Humphries
667,R.J. Hunter
668,Sam Dekker
669,Devin Robinson
670,Jordan Loyd
671,Jerryd Bayless
672,Ray Spalding
673,Jimmer Fredette
674,Ian Clark
675,Dairis Bertāns
676,Jemerrio Jones
677,Nik Stauskas
678,Channing Frye
679,Deng Adel
680,Tyler Lydon
681,Thomas Welsh
682,Lance Stephenson
683,Ángel Delgado
684,Wesley Johnson
685,Kosta Koufos
686,Cody Demps
687,Scott Machado
688,Andre Ingram
689,Jason Smith
690,Terrence Jones
691,Vince Edwards
692,Donte Grantham
693,Isaiah Briscoe
694,Alex Poythress
695,Trevon Duval
696,Isaiah Canaan
697,Luol Deng
698,Jordan Sibert
699,Tahjere McCall
700,Emanuel Terry
701,Scotty Hopson
702,Richard Solomon
703,Jaron Blossomgame
704,Álex Abrines
705,Wade Baldwin
706,Michael Beasley
707,Marcin Gortat
708,Daniel Hamilton
709,Kobi Simmons
710,Kalin Lucas
711,Quincy Acy
712,Omri Casspi
713,Malachi Richardson
714,James Nunnally
715,Jalen Jones
716,Ron Baker
717,Lorenzo Brown
718,Demetrius Jackson
719,Miles Plumlee
720,MarShon Brooks
721,Miloš Teodosić
722,Nick Young
723,Andrew Harrison
724,Trevon Bluiett
725,Keenan Evans
726,Jaylen Morris
727,Okaro White
728,DeVaughn Akoon-Purcell
729,Zach Lofton
730,George King
731,D.J. Stephens
732,Ike Anigbogu
733,Tyler Davis
734,Zhou Qi
735,Tyler Ulis
736,John Holland
737,David West
738,Joe Johnson
739,Aaron Jackson
740,Tarik Black
741,Kendrick Perkins
742,Shane Larkin
743,Emeka Okafor
744,DeAndre Liggins
745,Jordan Crawford
746,David Stockton
747,Lucas Nogueira
748,Trevor Booker
749,Joe Young
750,Al Jefferson
751,Jason Terry
752,Shabazz Muhammad
753,Brandon Jennings
754,Josh Huestis
755,Dakari Johnson
756,Nick Collison
757,Ty Lawson
758,Ramon Sessions
759,Chris McCullough
760,Marcus Georges-Hunt
761,Aaron Brooks
762,Cole Aldrich
763,Manu Ginóbili
764,Joffrey Lauvergne
765,Luke Babbitt
766,Brandon Paul
767,Chinanu Onuaku
768,Nigel Hayes
769,Jack Cooley
770,Zach Randolph
771,Richard Jefferson
772,Darrell Arthur
773,Charles Cooke
774,Kay Felder
775,Reggie Hearn
776,Jameer Nelson
777,Dwight Buycks
778,Sean Kilpatrick
779,Ömer Aşık
780,Rodney Purvis
781,Jamel Artis
782,Arron Afflalo
783,Marreese Speights
784,Jarrett Jack
785,London Perrantes
786,Tyler Ennis
787,Travis Wear
788,Milton Doyle
789,James Webb
790,Timofey Mozgov
791,Jabari Bird
792,Omari Johnson
793,Mario Chalmers
794,Myke Henry
795,Alec Peters
796,Aaron Harrison
797,Kyle Collinsworth
798,Julyan Stone
799,Marcus Paige
800,Isaiah Taylor
801,Andrew White
802,Tim Quarterman
803,Jeremy Evans
804,Marshall Plumlee
805,Xavier Munford
806,Georgios Papagiannis
807,Marquis Teague
808,Larry Drew
809,Darrun Hilliard
810,Jordan Mickey
811,Xavier Silas
812,Anthony Brown
813,Brice Johnson
814,Paul Zipser
815,Briante Weber
816,Mangok Mathiang
817,James Young
818,Markel Brown
819,Erik McCree
820,Jameel Warney
821,Isaiah Whitehead
822,Derrick Williams
823,Xavier Rathan-Mayes
824,Matt Costello
825,Malcolm Delaney
826,Jarell Eddie
827,Rashad Vaughn
828,Brandan Wright
829,Kyle Singler
830,Trey McKinney-Jones
831,Ben Moore
832,Mike James
833,Josh McRoberts
834,Willie Reed
835,Johnny O'Bryant
836,Tony Allen
837,Luis Montero
838,Damien Wilkins
839,James Michael McAdoo
840,Bobby Brown
841,Jacob Wiley
842,Vander Blue
843,Jacob Pullen
844,Matt Williams
845,Jamil Wilson
846,Adreian Payne
847,Joel Bolomboy
848,Vince Hunter
849,Nate Wolters
850,Jeff Withey
851,A.J. Hammons
852,Yakuba Ouattara
853,Nicolás Brussino
854,Gian Clavell
855,Josh Smith
856,Mindaugas Kuzminskas
857,Mirza Teletović
858,Carrick Felix
859,Michael Young
860,Deron Williams
861,Dahntay Jones
862,James Jones
863,Matt Barnes
864,Joel Anthony
865,David Lee
866,Kyle Wiltjer
867,Boris Diaw
868,Daniel Ochefu
869,Paul Pierce
870,Brandon Bass
871,Alan Anderson
872,Mike Dunleavy
873,Kris Humphries
874,Anthony Morrow
875,Spencer Hawes
876,Norris Cole
877,Kevin Séraphin
878,Monta Ellis
879,Lavoy Allen
880,Rakeem Christmas
881,Diamond Stone
882,Semaj Christon
883,Alexis Ajinça
884,Axel Toupane
885,Edy Tavares
886,Thomas Robinson
887,Metta World Peace
888,Mike Miller
889,Roy Hibbert
890,Ryan Kelly
891,Gerald Henderson
892,Tiago Splitter
893,Shawn Long
894,Sergio Rodríguez
895,Maurice Ndour
896,Sasha Vujačić
897,Brandon Rush
898,Jordan Hill
899,Justin Hamilton
900,Randy Foye
901,Archie Goodwin
902,K.J. McDaniels
903,Andrew Nicholson
904,Beno Udrih
905,Patricio Garino
906,Stephen Zimmerman
907,Damjan Rudež
908,Brian Roberts
909,Ronnie Price
910,Elijah Millsap
911,Michael Gbinije
912,Larry Sanders
913,C.J. Watson
914,C.J. Wilcox
915,Leandro Barbosa
916,Manny Harris
917,Rodney Stuckey
918,Toney Douglas
919,Hollis Thompson
920,Justin Harper
921,Ben Bentil
922,Reggie Williams
923,Luis Scola
924,Lamar Patterson
925,Mike Tobey
926,Ray McCallum
927,Marcus Thornton
928,Marcelo Huertas
929,Jared Sullinger
930,Anderson Varejão
931,Steve Novak
932,Pierre Jackson
933,Gary Neal
934,Alonzo Gee
935,Anthony Bennett
936,John Lucas III
937,Arinze Onuaku
938,Nicolás Laprovíttola
939,Chris Andersen
940,Jarnell Stokes
941,Jordan Farmar
942,Greivis Vásquez
943,Mo Williams
944,Festus Ezeli
945,Nazr Mohammed
946,Jason Thompson
947,Dorell Wright
948,Amar'e Stoudemire
949,Tim Duncan
950,Andre Miller
951,Kevin Martin
952,Chris Kaman
953,Kirk Hinrich
954,Jorge Gutiérrez
955,Tyler Hansbrough
956,Pablo Prigioni
957,Jeff Ayres
958,Branden Dawson
959,Andrew Goudelock
960,Charlie Villanueva
961,P.J. Hairston
962,Steve Blake
963,Mitch McGary
964,Shayne Whittington
965,Damien Inglis
966,Jordan Hamilton
967,Greg Smith
968,Tayshaun Prince
969,James Anderson
970,Duje Dukan
971,Caron Butler
972,Chris Johnson
973,Tibor Pleiß
974,Kobe Bryant
975,Robert Sacre
976,Devyn Marble
977,Henry Sims
978,Donald Sloan
979,Sergey Karasev
980,J.J. Hickson
981,Drew Gooden
982,Kendall Marshall
983,Elton Brand
984,Carl Landry
985,Bryce Cotton
986,Jordan Adams
987,Sasha Kaun
988,Chase Budinger
989,Matt Bonner
990,Cleanthony Early
991,Lou Amundson
992,Cameron Bairstow
993,Ryan Hollins
994,Cliff Alexander
995,Sonny Weems
996,Jared Cunningham
997,Alex Stepheson
998,Coty Clarke
999,Orlando Johnson
1000,O.J. Mayo
1001,Phil Pressey
1002,Rasual Butler
1003,Bryce Dejean-Jones
1004,Chris Copeland
1005,DeJuan Blair
1006,Andrea Bargnani
1007,Erick Green
1008,Chris Bosh
1009,Keith Appling
1010,Nikola Peković
1011,Cory Jefferson
1012,J.J. O'Brien
1013,Kevin Garnett
1014,Elliot Williams
1015,Kostas Papanikolaou
1016,Russ Smith
1017,Tony Wroten
1018,Chuck Hayes
1019,Nate Robinson
1020,Shawn Marion
1021,Brendan Haywood
1022,Nick Johnson
1023,Joey Dorsey
1024,Austin Daye
1025,Pero Antić
1026,Glen Davis
1027,Lester Hudson
1028,Hedo Türkoğlu
1029,Will Bynum
1030,Nick Calathes
1031,Martell Webster
1032,Earl Clark
1033,Jerome Jordan
1034,Darius Morris
1035,Joel Freeland
1036,Bernard James
1037,Greg Stiemsma
1038,Landry Fields
1039,Gerald Wallace
1040,Luigi Datome
1041,Reggie Evans
1042,Jabari Brown
1043,Carlos Boozer
1044,Jamaal Franklin
1045,Grant Jerrett
1046,Perry Jones
1047,Robbie Hummel
1048,Chris Babb
1049,Henry Walker
1050,Zoran Dragić
1051,Furkan Aldemir
1052,Jason Richardson
1053,Jeffery Taylor
1054,Jason Maxiell
1055,Quincy Miller
1056,Shawne Williams
1057,Cartier Martin
1058,Ricky Ledo
1059,Willie Green
1060,Luke Ridnour
1061,Earl Barron
1062,Jerel McNeal
1063,Sim Bhullar
1064,Ben Gordon
1065,David Wear
1066,Shavlik Randolph
1067,A.J. Price
1068,Toure' Murry
1069,Alexey Shved
1070,Jerrelle Benimon
1071,Malcolm Thomas
1072,Danny Granger
1073,Victor Claver
1074,Kenyon Martin
1075,John Salmons
1076,Andre Dawkins
1077,Ognjen Kuzmić
1078,Tyrus Thomas
1079,Miroslav Raduljica
1080,Chris Douglas-Roberts
1081,Alex Kirk
1082,Jeff Adrien
1083,Brandon Davies
1084,Samuel Dalembert
1085,Patrick Christopher
1086,Tony Mitchell
1087,Xavier Henry
1088,Jannero Pargo
1089,Ronny Turiaf
1090,Gal Mekel
1091,Francisco García
1092,Ronald Roberts
1093,Malcolm Lee
1094,Drew Gordon
1095,Will Cherry
1096,Patric Young
1097,Sebastian Telfair
1098,Shannon Brown
1099,Glen Rice
1100,Andrei Kirilenko
1101,Nemanja Nedović
1102,Ray Allen
1103,Rashard Lewis
1104,Shane Battier
1105,Greg Oden
1106,Derek Fisher
1107,Hasheem Thabeet
1108,Al Harrington
1109,Earl Watson
1110,Andray Blatche
1111,Jason Collins
1112,Nando De Colo
1113,Jermaine O'Neal
1114,Hilton Armstrong
1115,Josh Powell
1116,Ronnie Brewer
1117,D.J. White
1118,Doron Lamb
1119,Melvin Ely
1120,James Southerland
1121,Diante Garrett
1122,Erik Murphy
1123,Othyus Jeffers
1124,Anthony Randolph
1125,Jan Veselý
1126,Chris Wright
1127,Jeremy Tyler
1128,Dionte Christmas
1129,Aaron Gray
1130,Travis Outlaw
1131,Steve Nash
1132,Damion James
1133,Peyton Siva
1134,Adonis Thomas
1135,Jarvis Varnado
1136,Casper Ware
1137,Byron Mullens
1138,Arnett Moultrie
1139,Tornike Shengelia
1140,Chris Singleton
1141,Royce White
1142,Mustafa Shakur
1143,Darius Johnson-Odom
1144,Shane Edwards
1145,Andrew Bynum
1146,Eric Maynor
1147,Andris Biedriņš
1148,Viacheslav Kravtsov
1149,Dexter Pittman
1150,Gustavo Ayón
1151,Josh Harrellson
1152,Antawn Jamison
1153,Chauncey Billups
1154,Vítor Faverani
1155,Roger Mason
1156,Royal Ivey
1157,Keith Bogans
1158,Tyshawn Taylor
1159,Maalik Wayns
1160,Stephen Jackson
1161,Daniel Orton
1162,Ryan Gomes
1163,Solomon Jones
1164,Hamady N'Diaye
1165,Chris Smith
1166,Mike Harris
1167,Josh Childress
1168,Elias Harris
1169,Kwame Brown
1170,Jamaal Tinsley
1171,Tracy McGrady
1172,Sam Young
1173,Ben Hansbrough
1174,Juwan Howard
1175,Keyon Dooling
1176,Donté Greene
1177,Jason Kidd
1178,Quentin Richardson
1179,Marcus Camby
1180,Richard Hamilton
1181,Vladimir Radmanović
1182,Daequan Cook
1183,James White
1184,Jerry Stackhouse
1185,Lamar Odom
1186,Grant Hill
1187,Johan Petro
1188,Ivan Johnson
1189,DeShawn Stevenson
1190,Tim Ohlbrecht
1191,Terrence Williams
1192,Chris Wilcox
1193,Fab Melo
1194,Carlos Delfino
1195,Dwayne Jones
1196,Chris Duhon
1197,Devin Ebanks
1198,Marquis Daniels
1199,Mickaël Gelabale
1200,Sasha Pavlović
1201,Nolan Smith
1202,Jared Jeffries
1203,Hamed Haddadi
1204,Kevin Murphy
1205,Kevin Jones
1206,Chris Quinn
1207,Daniel Gibson
1208,Mickaël Piétrus
1209,Linas Kleiza
1210,Kim English
1211,Corey Maggette
1212,Charles Jenkins
1213,DeQuan Jones
1214,Joel Przybilla
1215,Terrel Harris
1216,Josh Akognon
1217,Rasheed Wallace
1218,Kris Joseph
1219,Luke Walton
1220,DeSagana Diop
1221,Justin Dentmon
1222,DaJuan Summers
1223,Rodrigue Beaubois
1224,Kurt Thomas
1225,Travis Leslie
1226,Dominique Jones
1227,Hakim Warrick
1228,Luke Zeller
1229,Tyler Honeycutt
1230,Dominic McGuire
1231,Josh Selby
1232,Lazar Hayward
1233,Samardo Samuels
1234,Josh Howard
1235,Cory Higgins
1236,Troy Murphy
1237,Darko Miličić
1238,Matt Carroll
1239,Will Conroy
1240,Brandon Roy
1241,Luke Harangody
1242,Eddy Curry
1243,Sean Williams
1244,Craig Brackins
1245,Tony Battie
1246,Bobby Simmons
1247,Trey Thompkins
1248,Gilbert Arenas
1249,Erick Dampier
1250,Brian Scalabrine
1251,Christian Eyenga
1252,Mike Bibby
1253,Dan Gadzuric
1254,Von Wafer
1255,Blake Ahearn
1256,Raja Bell
1257,Baron Davis
1258,Delonte West
1259,Yi Jianlian
1260,Brian Cardinal
1261,Kelenna Azubuike
1262,Ben Wallace
1263,Vernon Macklin
1264,Derrick Byars
1265,Mickell Gladness
1266,Mikki Moore
1267,Brad Miller
1268,Jon Brockman
1269,JaJuan Johnson
1270,Jamario Moon
1271,Derrick Brown
1272,Jordan Williams
1273,Sundiata Gaines
1274,Armon Johnson
1275,Shelden Williams
1276,Ben Uzoh
1277,Jamaal Magloire
1278,Gary Forbes
1279,Solomon Alabi
1280,Morris Almond
1281,Maurice Evans
1282,James Singleton
1283,Brian Cook
1284,Jerome Dyson
1285,Darryl Watkins
1286,Courtney Fortson
1287,Diamon Simpson
1288,Jonny Flynn
1289,Craig Smith
1290,Anthony Parker
1291,D.J. Kennedy
1292,Michael Redd
1293,Kyrylo Fesenko
1294,Walker Russell
1295,Earl Boykins
1296,Rudy Fernández
1297,Semih Erden
1298,Dennis Horner
1299,Eduardo Nájera
1300,Keith Benson
1301,Edwin Ubiles
1302,Jerry Smith
1303,Eric Dawson
1304,Andrés Nocioni
1305,Jeff Foote
1306,Jeff Foster
1307,Jason Kapono
1308,Mehmet Okur
1309,Ryan Reid
1310,T.J. Ford
1311,Anthony Carter
1312,Francisco Elson
1313,Andre Emmett
1314,Renaldo Balkman
1315,Carldell Johnson
1316,Josh Davis
1317,Mychel Thompson
1318,Larry Hughes
1319,Larry Owens
1320,Trey Johnson
1321,Darington Hobson
1322,Ike Diogu
1323,Garret Siler
1324,Brian Skinner
1325,Peja Stojaković
1326,Eddie House
1327,Zydrunas Ilgauskas
1328,Leon Powe
1329,Pape Sy
1330,Nenad Krstić
1331,Carlos Arroyo
1332,Shaquille O'Neal
1333,Joe Smith
1334,Antonio McDyess
1335,Didier Ilunga-Mbenga
1336,Patrick Ewing
1337,Malik Allen
1338,Antonio Daniels
1339,Theo Ratliff
1340,Etan Thomas
1341,Stephen Graham
1342,Mario West
1343,Willie Warren
1344,Julian Wright
1345,Zabian Dowdell
1346,James Posey
1347,Darius Songaila
1348,Derrick Caracter
1349,Darnell Jackson
1350,Jermaine Taylor
1351,Eugene Jeter
1352,Marqus Blakely
1353,Al Thornton
1354,Charlie Bell
1355,Joey Graham
1356,Kyle Weaver
1357,David Andersen
1358,Acie Law
1359,Quinton Ross
1360,Jarron Collins
1361,Luther Head
1362,Marcus Cousin
1363,Andy Rautins
1364,Jason Williams
1365,Rodney Carney
1366,Sean Marks
1367,Sherron Collins
1368,Orien Greene
1369,Gani Lawal
1370,Ime Udoka
1371,Ronald Dupree
1372,Jawad Williams
1373,Morris Peterson
1374,Antoine Wright
1375,Pops Mensah-Bonsu
1376,Marcus Banks
1377,Yao Ming
1378,Maurice Ager
1379,Fabricio Oberto
1380,Michael Finley
1381,Adam Morrison
1382,Anthony Johnson
1383,Randolph Morris
1384,Primož Brezec
1385,Kevin Ollie
1386,Ronald Murray
1387,Chris Richard
1388,Devin Brown
1389,Travis Diener
1390,Chris Hunter
1391,Devean George
1392,Oliver Lafayette
1393,Mardy Collins
1394,Alexander Johnson
1395,Chucky Atkins
1396,Oleksiy Pecherov
1397,J.R. Giddens
1398,Jonathan Bender
1399,Rasho Nesterović
1400,Patrick O'Bryant
1401,Josh Boone
1402,Trenton Hassell
1403,Yakhouba Diawara
1404,Kenny Hasbrouck
1405,Marcus Williams
1406,Cedric Jackson
1407,Sean May
1408,Malik Hairston
1409,Jarvis Hayes
1410,Taylor Griffin
1411,Adonal Foyle
1412,Joe Alexander
1413,Nathan Jawai
1414,Alando Tucker
1415,Antonio Anderson
1416,Steven Hunter
1417,Marcus Landry
1418,Rafer Alston
1419,Allen Iverson
1420,Javaris Crittenton
1421,Ricky Davis
1422,Lindsey Hunter
1423,Jason Hart
1424,Coby Karl
1425,Speedy Claxton
1426,Tim Thomas
1427,JamesOn Curry
1428,Marcus Haislip
1429,Kenny Thomas
